{"cameraMode":{"drawMode":0,"name":"Shaded","section":"Shading Mode"},"sceneLighting":false,"audioPlay":false,"sceneViewState":{"m_AlwaysRefresh":false,"showFog":true,"showSkybox":false,"showFlares":true,"showImageEffects":true,"showParticleSystems":true,"showVisualEffectGraphs":true,"m_FxEnabled":false},"in2DMode":false,"pivot":{"x":14.583075523376465,"y":2.0433051586151125,"z":-16.31586265563965},"rotation":{"x":0.034792445600032809,"y":0.013620958663523198,"z":-0.0006830958882346749,"w":0.9994648098945618},"size":1.2669435739517213,"orthographic":true}