{"cameraMode":{"drawMode":0,"name":"Shaded","section":"Shading Mode"},"sceneLighting":true,"audioPlay":false,"sceneViewState":{"m_AlwaysRefresh":false,"showFog":true,"showSkybox":true,"showFlares":true,"showImageEffects":true,"showParticleSystems":true,"showVisualEffectGraphs":true,"m_FxEnabled":false},"in2DMode":false,"pivot":{"x":8.555182456970215,"y":0.8302119374275208,"z":7.711939811706543},"rotation":{"x":0.04869186878204346,"y":-0.13879559934139253,"z":0.006977702956646681,"w":0.9893120527267456},"size":23.196321487426759,"orthographic":false}