{"cameraMode":{"drawMode":0,"name":"Shaded","section":"Shading Mode"},"sceneLighting":false,"audioPlay":false,"sceneViewState":{"m_AlwaysRefresh":false,"showFog":true,"showSkybox":false,"showFlares":true,"showImageEffects":true,"showParticleSystems":true,"showVisualEffectGraphs":true,"m_FxEnabled":false},"in2DMode":false,"pivot":{"x":0.10000038146972656,"y":4.314431190490723,"z":-25.400001525878908},"rotation":{"x":-0.10761559754610062,"y":-0.23630203306674958,"z":0.026290271431207658,"w":-0.9654116034507752},"size":20.306032180786134,"orthographic":true}