{"cameraMode":{"drawMode":0,"name":"Shaded","section":"Shading Mode"},"sceneLighting":false,"audioPlay":false,"sceneViewState":{"m_AlwaysRefresh":false,"showFog":true,"showSkybox":false,"showFlares":true,"showImageEffects":true,"showParticleSystems":true,"showVisualEffectGraphs":true,"m_FxEnabled":false},"in2DMode":false,"pivot":{"x":10.140000343322754,"y":1.690000057220459,"z":-12.260000228881836},"rotation":{"x":-0.06564842164516449,"y":0.09593477100133896,"z":-0.006339834071695805,"w":-0.9932060837745667},"size":0.5958282351493836,"orthographic":true}